801,컴퍼니케이,"6,730",10,+0.15%,500,"67,604","1,051",13.78,32.23,0.50,
802,경창산업,"2,930",15,-0.51%,500,"875,457","1,049",-10.92,-191.99,3.05,
803,아이티센,"5,240",30,+0.58%,500,"171,701","1,043",180.85,189.70,0.54,
804,옴니시스템,"2,390",20,-0.83%,500,"534,205","1,041",-17.55,-175.22,1.10,
805,이루다,"13,350",50,-0.37%,500,"167,766","1,041",20.38,44.40,0.23,
806,비비씨,"19,250",650,+3.49%,500,"178,548","1,040",19.85,117.38,0.28,
807,시공테크,"5,180",50,+0.97%,500,"70,278","1,038",64.17,269.78,0.73,
808,지엔씨에너지,"6,370",30,+0.47%,500,"366,514","1,038",33.55,39.00,0.88,
809,라닉스,"10,800",200,-1.82%,500,"601,721","1,036",-7.82,-100.24,1.39,
810,한독크린텍,"25,250",0,0.00%,500,"26,527","1,033",22.04,23.61,1.71,
811,태웅로직스,"5,280",70,+1.34%,100,"512,678","1,032",17.27,28.17,0.60,
812,더블유에스아이,"3,525",35,+1.00%,100,"245,677","1,031",N/A,N/A,0.73,
813,나무기술,"3,180",60,+1.92%,100,"7,604,161","1,030",28.89,200.62,0.94,
814,고려시멘트,"3,220",155,+5.06%,100,"891,100","1,030",1.22,-117.27,0.40,
815,지엔코,"1,050",10,-0.94%,500,"556,151","1,029",6.49,69.96,4.25,
816,잉글우드랩,"5,160",190,+3.82%,0,"287,040","1,025",12.25,"2,519.48",12.07,
817,아이에스이커머스,"3,965",15,-0.38%,500,"4,606","1,024",N/A,N/A,0.53,
818,피제이전자,"6,820",100,+1.49%,500,"64,979","1,023",-1.82,-3.56,0.80,
819,오로라,"9,500",10,+0.11%,500,"77,514","1,022",6.98,-3.82,1.33,
820,오픈베이스,"3,240",10,-0.31%,500,"444,746","1,018",7.29,284.48,1.21,
821,에이치시티,"14,600",400,-2.67%,500,"97,936","1,011",30.17,66.29,5.77,
822,3S,"2,250",10,-0.44%,500,"407,017","1,008",-36.81,-71.89,1.66,
823,알파홀딩스,"4,835",255,+5.57%,500,"522,695","1,006",-14.01,39.81,1.23,
824,팬젠,"10,400",150,-1.42%,500,"105,054","1,003",-49.27,-162.13,10.27,
825,세코닉스,"7,860",440,+5.93%,500,"678,377","1,002",10.54,-87.12,4.86,
826,영우디에스피,"2,340",5,-0.21%,500,"993,823",999,-31.35,180.31,2.20,
827,코위버,"10,200",100,+0.99%,500,"184,183",999,105.34,"1,490.08",2.53,
828,케이엔제이,"15,700",750,+5.02%,500,"1,641,531",996,10.18,319.18,1.01,
829,씨엠에스에듀,"5,340",20,+0.38%,500,"71,268",995,17.07,34.49,0.39,
830,블루콤,"5,490",100,+1.86%,500,"158,590",993,-61.33,"-14,737.30",3.78,
831,신화인터텍,"3,405",10,+0.29%,500,"994,126",992,43.28,763.29,3.30,
832,가온미디어,"6,540",110,+1.71%,500,"258,835",986,-1.44,211.22,5.71,
833,오리엔트정공,840,8,+0.96%,500,"3,001,454",985,-0.86,40.47,0.37,
834,장원테크,"1,415",25,-1.74%,100,"1,478,720",983,-19.80,-133.76,0.30,
835,국순당,"5,500",50,-0.90%,500,"19,288",982,66.02,-99.27,0.16,
836,원풍물산,"2,410",35,-1.43%,500,"113,086",981,-4.49,-202.63,2.70,
837,코데즈컴바인,"2,590",30,+1.17%,500,"146,866",980,22.06,-6.08,1.68,
838,앤씨앤,"4,675",190,+4.24%,500,"648,800",979,33.51,29.66,1.87,
839,코스온,"4,520",100,-2.16%,500,"176,381",976,-0.97,-83.08,0.85,
840,이매진아시아,"2,220",0,0.00%,500,0,972,-51.54,4.17,0.34,
841,정산애강,"1,870",0,0.00%,500,"158,605",969,9.89,1.75,2.35,
842,SM Life Design,"2,145",25,+1.18%,500,"2,049,520",968,84.62,147.84,0.07,
843,정상제이엘에스,"6,170",40,+0.65%,500,"38,051",967,7.44,23.03,1.69,
844,케이피에프,"5,440",140,+2.64%,500,"905,514",964,0.33,2.82,1.35,
845,엘티씨,"12,700",100,+0.79%,500,"111,051",964,-4.88,11.96,1.77,
846,삼화네트웍스,"2,230",35,+1.59%,200,"1,667,360",963,331.55,104.62,1.02,
847,파워넷,"6,020",30,+0.50%,"1,000","1,835,813",962,10.00,85.91,0.75,
848,홈캐스트,"2,900",40,-1.36%,500,"104,182",960,54.11,-66.18,4.15,
849,로체시스템즈,"6,270",180,-2.79%,500,"289,670",959,7.81,509.85,41.81,
850,서울제약,"11,200",400,+3.70%,500,"166,496",955,17.91,205.83,1.48,
851,비엠티,"11,700",50,+0.43%,500,"179,707",953,-3.27,-22.31,2.78,
852,코프라,"4,500",70,+1.58%,500,"1,098,801",950,13.34,44.41,3.49,
853,글로스퍼랩스,"11,400","1,590",+16.21%,500,"1,019,664",950,-32.71,73.75,3.45,
854,골드퍼시픽,"1,435",0,0.00%,500,"1,111,261",950,45.68,-235.60,1.79,
855,뉴로스,"3,175",45,-1.40%,500,"596,361",947,15.59,-644.88,1.33,
856,엔피디,"4,380",80,+1.86%,500,"250,066",943,19.02,64.77,1.20,
857,지티지웰니스,"6,350",470,+7.99%,500,"1,219,190",942,40.76,-48.95,1.49,
858,홈센타홀딩스,"1,105",5,-0.45%,500,"211,541",940,11.14,152.03,2.30,
859,파이오링크,"13,700",50,+0.37%,500,"85,583",939,28.37,269.07,0.92,
860,이니텍,"4,745",75,-1.56%,500,"36,990",939,9.74,-34.23,1.66,
861,SGC이테크건설,"59,200",300,+0.51%,"5,000","20,364",936,14.15,-31.92,1.85,
862,이엠넷,"4,200",105,+2.56%,500,"45,565",936,16.14,37.85,26.18,
863,러셀,"2,940",20,-0.68%,100,"485,780",935,31.24,-13.20,1.07,
864,피에스텍,"4,750",70,-1.45%,500,"100,133",934,-17.81,-35.81,6.22,
865,휘닉스소재,"1,180",60,-4.84%,500,"5,711,631",934,19.14,96.84,0.43,
866,디에이피,"4,105",65,+1.61%,500,"142,050",934,-11.06,-93.06,0.99,
867,모베이스,"3,890",45,-1.14%,500,"275,656",932,73.86,38.60,0.66,
868,메가엠디,"3,980",25,+0.63%,500,"308,168",932,6.70,-144.67,0.86,
869,뉴인텍,"3,100",40,-1.27%,500,"1,451,744",931,8.67,109.14,1.06,
870,정다운,"2,850",60,+2.15%,100,"677,027",927,19.28,-74.74,1.89,
871,이노인스트루먼트,"2,300",40,-1.71%,500,"1,160,117",927,-12.85,-256.92,14.60,
872,보성파워텍,"2,010",45,+2.29%,500,"728,431",926,5.62,19.85,1.22,
873,삼양옵틱스,"9,170",70,-0.76%,500,"53,762",926,5.18,11.21,0.88,
874,바른손,"3,140",20,+0.64%,"1,000","174,961",925,-12.13,27.73,0.00,
875,위니아딤채,"2,570",10,+0.39%,500,"100,096",924,34.65,"1,791.76",0.67,
876,투비소프트,"2,895",30,+1.05%,500,"493,961",921,-0.82,-14.28,1.29,
877,한일진공,"1,175",30,-2.49%,100,"702,125",920,-48.65,"-2,869.05",1.00,
878,수산아이앤티,"13,600",50,+0.37%,500,"262,686",918,-1.65,5.27,0.26,
879,에이트원,"5,710",10,+0.18%,100,"272,398",918,70.19,17.43,1.59,
880,하이즈항공,"5,170",20,+0.39%,500,"104,604",915,42.53,213.70,1.98,
881,이씨에스,"7,440",80,+1.09%,500,"952,374",915,11.03,147.77,1.93,
882,큐캐피탈,544,0,0.00%,500,"703,793",913,144.10,109.40,2.12,
883,광림,"1,725",45,+2.68%,500,"368,474",913,6.79,-951.53,1.02,
884,에스폴리텍,"5,570",50,-0.89%,500,"201,118",910,-1.36,288.91,0.56,
885,지니틱스,"2,555",10,+0.39%,100,"511,254",909,17.99,28.45,1.15,
886,마니커에프앤지,"8,440",180,+2.18%,500,"185,472",909,0.42,-29.65,0.44,
887,유니트론텍,"7,500",30,-0.40%,500,"1,864,135",906,20.88,63.27,0.11,
888,케이씨티,"5,280",70,-1.31%,500,"80,102",906,-34.79,-34.75,1.87,
889,이트론,259,11,-4.07%,200,"29,228,387",905,N/A,N/A,2.82,
890,삼진엘앤디,"3,625",140,-3.72%,500,"3,861,255",905,7.24,-49.13,0.73,
891,나노브릭,"19,800",600,+3.13%,"1,000","66,354",903,8.20,-17.10,2.29,
892,녹원씨엔아이,"5,230",30,+0.58%,500,"91,665",903,-18.44,-47.59,0.47,
893,파수,"8,060",20,-0.25%,500,"98,631",899,9.73,-294.05,3.83,
894,이스트소프트,"9,050",60,-0.66%,500,"22,311",896,6.52,-239.38,1.38,
895,아이원스,"6,670",200,-2.91%,500,"255,694",895,N/A,N/A,6.33,
896,HRS,"5,470",270,-4.70%,500,"244,769",895,-10.58,-55.69,5.16,
897,엘아이에스,"5,560",50,-0.89%,500,"439,481",894,-31.32,-37.94,0.67,
898,베뉴지,"1,855",20,+1.09%,500,"486,518",894,12.56,194.94,0.92,
899,타이거일렉,"14,150",700,-4.71%,500,"164,983",893,3.90,-38.12,13.15,
900,제룡전기,"5,540",100,+1.84%,500,"453,964",890,6.40,107.05,1.15,
901,티엘아이,"9,000",340,-3.64%,500,"131,611",889,-13.43,101.33,0.94,
902,바이온,"1,415",5,+0.35%,500,"480,373",888,-44.01,-449.45,1.77,
903,코맥스,"5,920",70,-1.17%,500,"381,059",888,-0.90,16.84,3.32,
904,CNH,"2,385",105,+4.61%,"2,500","562,901",887,168.05,"1,113.66",0.58,
905,뉴프라이드,717,0,0.00%,0,0,886,47.50,31.03,0.00,
906,웨이브일렉트로,"6,020",190,-3.06%,500,"322,994",885,-22.43,-187.75,0.48,
907,휴비츠,"7,450",50,-0.67%,500,"88,038",885,11.57,40.76,6.06,
908,EMW,"2,780",0,0.00%,500,0,884,-21.67,-67.70,1.20,
909,동아엘텍,"8,280",40,-0.48%,500,"101,764",883,-19.95,-20.61,4.76,
910,대양제지,"3,275",125,+3.97%,500,"313,439",879,-7.92,-21.37,0.90,
911,GH신소재,"7,960",90,-1.12%,500,"453,912",876,2.93,142.05,4.14,
912,라이브파이낸셜,"1,940",10,-0.51%,"1,000","1,544,254",875,-6.41,-101.33,1.81,
913,원익,"4,810",20,+0.42%,500,"575,330",875,12.57,49.25,5.05,
914,엠에스씨,"4,965",5,+0.10%,500,"50,282",874,3.20,8.86,0.61,
915,쎄노텍,"2,175",65,-2.90%,100,"705,191",873,-13.99,92.84,0.79,
916,빅솔론,"4,515",95,-2.06%,500,"60,066",869,-0.47,-24.59,10.30,
917,팜스빌,"10,950",50,+0.46%,500,"31,681",868,51.02,26.88,0.22,
918,동우팜투테이블,"3,355",15,+0.45%,500,"501,580",867,N/A,N/A,1.87,
919,TS인베스트먼트,"3,560",10,-0.28%,500,"342,312",866,N/A,N/A,0.35,
920,대림제지,"9,600",170,-1.74%,500,"127,690",864,18.23,-31.59,2.81,
921,유아이엘,"3,965",5,+0.13%,500,"120,208",864,-3.57,5.88,8.15,
922,성호전자,"1,635",85,+5.48%,500,"2,892,970",862,8.68,"-2,167.90",1.89,
923,세종메디칼,"12,700",450,-3.42%,500,"159,881",861,9.42,17.81,1.97,
924,에프엔씨엔터,"5,990",10,+0.17%,500,"26,224",860,13.75,17.76,0.46,
925,코퍼스코리아,"2,505",60,+2.45%,100,"423,374",859,N/A,N/A,0.11,
926,KB오토시스,"7,470",100,-1.32%,500,"80,673",859,-2.68,-12.94,34.02,
927,로보로보,"4,815",105,+2.23%,100,"1,488,188",857,-20.18,-95.75,2.45,
928,윌링스,"17,600","1,100",+6.67%,500,"103,220",856,-21.09,-32.29,1.69,
929,MP한강,"1,320",50,-3.65%,100,"1,354,077",853,N/A,N/A,0.26,
930,케이맥,"2,290",115,-4.78%,100,"1,117,479",851,-41.04,-178.64,2.34,
931,예선테크,"2,575",35,+1.38%,100,"1,350,439",850,3.85,-16.19,0.65,
932,아이에이네트웍스,"1,720",140,+8.86%,100,"2,876,175",849,-41.02,-43.82,0.47,
933,푸른기술,"12,900",550,+4.45%,500,"1,237,130",848,-6.21,-36.27,0.55,
934,한송네오텍,"1,760",40,+2.33%,100,"1,950,817",848,-43.87,-47.97,1.00,
935,피씨디렉트,"11,050",50,-0.45%,500,"60,875",847,16.06,20.19,0.35,
936,우리넷,"9,270",0,0.00%,500,"58,945",847,N/A,N/A,0.31,
937,서암기계공업,"6,720","1,010",+17.69%,500,"19,450,965",847,-9.44,-51.00,1.85,
938,한빛소프트,"3,410",10,+0.29%,500,"140,105",845,17.12,-146.43,1.66,
939,코리아에프티,"3,035",60,-1.94%,100,"940,172",845,13.07,20.91,36.12,
940,아이오케이,"1,520",25,-1.62%,500,"1,159,930",844,63.89,110.06,0.50,
941,유성티엔에스,"3,100",185,+6.35%,500,"1,403,102",844,-8.88,33.33,0.31,
942,에쎈테크,"1,170",0,0.00%,500,"306,871",842,-12.05,-83.39,0.55,
943,포비스티앤씨,973,0,0.00%,500,0,842,30.64,310.20,1.71,
944,와이즈버즈,"1,765",45,+2.62%,100,"843,921",839,N/A,-5.09,0.03,
945,한국선재,"3,415",35,-1.01%,500,"423,851",837,-3.73,-7.37,0.66,
946,소프트캠프,"3,350",35,-1.03%,100,"858,040",837,N/A,N/A,0.10,
947,오공,"4,940",25,+0.51%,500,"234,934",837,0.84,18.85,1.54,
948,와이제이엠게임즈,"1,545",30,+1.98%,100,"528,699",837,2.77,144.24,1.46,
949,미래나노텍,"3,365",5,+0.15%,500,"420,717",835,4.18,-63.64,5.03,
950,위세아이텍,"18,700",900,+5.06%,500,"76,111",833,19.16,69.84,5.36,
951,고려신용정보,"5,800",30,+0.52%,500,"68,011",829,N/A,N/A,1.65,
952,메디콕스,"1,895",5,+0.26%,500,"3,061,780",829,-58.96,-30.80,0.00,
953,모비스,"2,575",0,0.00%,100,"316,897",828,386.56,-17.17,0.53,
954,대창솔루션,505,5,-0.98%,100,"4,676,745",827,26.18,112.20,0.82,
955,디티앤씨,"7,550",150,+2.03%,500,"98,477",827,23.84,-91.11,0.55,
956,UCI,"2,210",10,+0.45%,500,"986,570",826,-5.65,"-1,710.23",0.00,
957,케이엠제약,"2,960",20,+0.68%,100,"601,688",825,17.55,-197.10,0.80,
958,진양제약,"6,840",30,-0.44%,500,"205,449",821,1.04,-114.76,1.03,
959,대유에이피,"7,520",40,-0.53%,500,"82,883",818,N/A,N/A,1.02,
960,재영솔루텍,"1,115",20,-1.76%,500,"1,131,085",818,3.70,157.07,0.53,
961,현대사료,"13,300",50,+0.38%,500,"30,114",818,12.73,378.51,0.43,
962,알에스오토메이션,"8,970",180,-1.97%,500,"125,947",817,-16.72,-86.24,2.06,
963,티로보틱스,"7,310",10,-0.14%,500,"361,396",816,-22.51,-170.86,1.05,
964,매커스,"5,040",20,-0.40%,500,"206,788",815,-35.86,-54.06,12.70,
965,일진파워,"5,390",40,-0.74%,500,"177,390",813,15.97,-24.66,5.02,
966,동일금속,"11,600",0,0.00%,500,"2,369",812,-9.84,29.08,0.22,
967,디케이앤디,"10,450",100,+0.97%,500,"252,993",811,9.23,-19.84,7.06,
968,해덕파워웨이,"1,100",0,0.00%,100,0,811,17.21,29.52,2.38,
969,오스템,"2,895",35,-1.19%,500,"308,659",811,-3.49,-372.28,3.75,
970,슈프리마에이치큐,"7,730",40,-0.51%,500,"208,535",809,-18.51,-72.19,2.51,
971,엠젠플러스,"4,075",0,0.00%,500,0,808,5.26,32.31,1.20,
972,행남사,"1,770",0,0.00%,500,0,808,-11.38,70.87,0.06,
973,에스씨디,"1,670",10,-0.60%,500,"921,647",807,9.84,-29.56,54.67,
974,이노테라피,"16,000",50,-0.31%,500,"64,943",807,35.25,-50.82,1.68,
975,코메론,"8,910",10,-0.11%,500,"32,397",806,-3.08,11.99,15.41,
976,우진비앤지,"2,920",20,+0.69%,500,"966,778",806,9.79,67.63,1.97,
977,인프라웨어,"2,150",40,+1.90%,500,"689,714",805,-6.63,"-1,051.23",2.46,
978,세화피앤씨,"3,865",5,+0.13%,100,"120,030",802,5.48,-24.93,6.49,
979,서남,"3,915",65,+1.69%,500,"1,206,453",797,-70.88,-175.17,2.05,
980,디딤,"2,150",5,+0.23%,100,"251,718",796,29.12,-21.44,16.40,
981,램테크놀러지,"6,850",40,-0.58%,500,"116,572",795,33.09,111.29,0.80,
982,스카이이앤엠,"1,950",10,-0.51%,100,"989,620",793,42.09,-454.12,0.00,
983,대성창투,"1,980",10,+0.51%,500,"247,642",792,-28.47,-121.48,0.79,
984,CSA 코스믹,"2,135",60,-2.73%,500,"114,209",791,1.20,"-28,432.76",0.56,
985,제낙스,"15,950",0,0.00%,500,0,790,-30.38,-9.71,1.51,
986,플레이위드,"9,040",40,-0.44%,500,"43,286",787,374.23,810.34,1.85,
987,지엔원에너지,"2,520",40,+1.61%,100,"330,700",784,21.61,106.70,0.08,
988,웰크론한텍,"3,915",250,-6.00%,500,"3,896,388",782,2.43,-267.62,0.40,
989,제일제강,"2,645",45,+1.73%,500,"427,960",780,-17.77,-556.70,1.83,
990,EG,"10,400",200,+1.96%,"1,000","69,240",780,-40.28,116.71,2.21,
991,NHN벅스,"5,260",100,-1.87%,500,"51,702",780,-5.36,18.24,0.75,
992,티플랙스,"3,205",40,+1.26%,500,"646,939",778,7.85,12.26,2.17,
993,대주산업,"2,180",15,-0.68%,500,"451,335",772,0.29,-19.49,1.28,
994,아이앤씨,"4,360",70,-1.58%,500,"288,502",771,45.57,135.31,2.11,
995,에버다임,"4,300",10,+0.23%,500,"48,141",770,-20.10,-78.37,1.06,
996,삼보산업,"2,015",25,-1.23%,100,"1,181,966",768,12.45,77.89,1.47,
997,청보산업,"9,360",130,-1.37%,500,"278,312",766,1.37,123.55,2.16,
998,링크제니시스,"7,650",150,-1.92%,100,"296,704",765,-1.95,-56.07,0.56,
999,큐로홀딩스,632,2,+0.32%,500,"146,168",762,2.12,237.46,0.71,
1000,하이로닉,"5,400",160,+3.05%,100,"786,452",761,-0.98,"9,314.75",1.48,
1001,현우산업,"4,935",305,+6.59%,500,"12,871,363",760,14.02,8.59,0.55,
1002,흥국에프엔비,"1,980",25,-1.25%,100,"480,070",760,12.84,36.72,1.40,
1003,한라IMS,"6,470",20,+0.31%,500,"56,516",760,47.09,515.45,0.30,
1004,토탈소프트,"8,830",630,+7.68%,500,"3,251,265",756,1.61,24.41,0.57,
1005,까스텔바작,"11,450",550,+5.05%,500,"189,920",755,-11.90,-38.12,0.42,
1006,티라유텍,"13,900",600,+4.51%,100,"77,988",755,25.33,29.54,0.76,
1007,KMH하이텍,"1,610",20,-1.23%,500,"1,105,527",755,-3.42,25.25,3.55,
1008,SG,"2,055",35,+1.73%,100,"260,871",755,-6.66,-15.44,0.41,
1009,상신전자,"5,290",90,-1.67%,500,"1,278,108",754,-1.29,-0.44,0.22,
1010,라이브플렉스,555,7,-1.25%,500,"816,548",753,29.45,-116.09,1.00,
1011,켄코아에어로스페이스,"8,200",0,0.00%,500,"43,388",751,60.00,211.71,41.14,
1012,한네트,"6,450",80,-1.23%,500,"221,689",746,-4.50,-8.36,1.31,
1013,자연과환경,"1,400",10,+0.72%,500,"1,052,801",744,27.72,45.67,1.66,
1014,마이크로프랜드,"6,870",230,-3.24%,500,"313,290",743,-9.59,9.84,4.65,
1015,시그네틱스,867,14,-1.59%,500,"1,184,586",743,-12.57,-173.31,3.30,
1016,디스플레이텍,"3,975",65,+1.66%,500,"139,716",743,-23.94,83.59,1.93,
1017,데일리블록체인,"1,055",0,0.00%,500,"1,496,934",743,110.90,-46.86,0.77,
1018,대륙제관,"4,670",30,+0.65%,500,"114,388",743,0.48,48.65,4.53,
1019,덕신하우징,"1,610",0,0.00%,100,"1,459,739",742,10.08,-75.39,1.26,
1020,우리이앤엘,"1,485",45,-2.94%,500,"914,888",741,-6.76,-21.95,2.04,
1021,우양,"5,760",60,+1.05%,100,"516,965",741,9.75,-9.86,1.03,
1022,바른전자,"1,005",0,0.00%,500,0,741,-57.54,35.45,0.07,
1023,파인텍,"1,725",60,+3.60%,500,"2,682,915",740,18.27,901.42,2.17,
1024,본느,"2,405",5,-0.21%,100,"292,313",738,60.86,62.64,0.88,
1025,씨큐브,"7,280",40,-0.55%,500,"22,918",738,8.11,54.24,0.60,
1026,마이더스AI,685,18,-2.56%,100,"2,714,274",738,N/A,N/A,7.35,
1027,성도이엔지,"4,770",5,+0.10%,500,"103,936",738,31.47,-7.57,7.16,
1028,파인디지털,"7,190",10,+0.14%,500,"572,507",734,11.65,-115.18,1.00,
1029,삼영엠텍,"5,640",120,+2.17%,500,"388,918",733,1.06,270.25,2.00,
1030,대신정보통신,"1,900",0,0.00%,500,"812,212",730,-15.25,18.23,1.78,
1031,디알텍,"1,410",5,-0.35%,100,"424,624",730,7.00,-11.05,2.04,
1032,비에이치아이,"2,800",95,+3.51%,500,"278,290",728,5.21,46.41,1.35,
1033,대성파인텍,"2,325",40,-1.69%,100,"7,413,645",728,-2.91,-58.85,0.84,
1034,태양,"8,450",70,+0.84%,500,"13,648",727,3.74,592.33,3.78,
1035,윈팩,"1,895",0,0.00%,500,"1,038,418",726,45.05,221.14,1.46,
1036,케이엔더블유,"7,060",230,+3.37%,500,"154,977",724,-23.84,-504.76,0.57,
1037,W홀딩컴퍼니,311,1,+0.32%,100,"1,812,753",723,-65.34,-4.41,1.56,
1038,에프알텍,"6,340",110,-1.71%,500,"96,004",723,6.27,60.63,2.24,
1039,무림SP,"3,255",5,-0.15%,500,"593,519",721,-1.73,-38.70,2.17,
1040,케이씨에스,"6,000",110,-1.80%,500,"199,087",720,18.63,8.43,0.66,
1041,한양디지텍,"5,510",0,0.00%,500,"41,314",720,-27.67,-370.37,1.23,
1042,얼라인드,"10,000",100,-0.99%,500,"157,896",719,37.33,79.27,2.53,
1043,린드먼아시아,"5,320",20,+0.38%,500,"45,867",718,5.19,15.39,1.67,
1044,푸드웰,"7,180",130,+1.84%,500,"299,823",718,16.28,14.97,1.51,
1045,잉크테크,"4,465",60,+1.36%,500,"48,182",715,6.74,-40.51,0.55,
1046,흥국,"5,800",30,-0.51%,500,"95,714",715,-11.47,-20.22,5.19,
1047,파버나인,"5,280",70,-1.31%,500,"132,071",714,-7.81,-187.57,0.67,
1048,현대통신,"8,270",30,+0.36%,500,"19,857",713,-17.89,-47.76,6.05,
1049,ITX-AI,"2,430",25,-1.02%,500,"146,554",712,N/A,N/A,3.05,
1050,한일사료,"1,800",15,+0.84%,500,"318,281",709,11.58,115.79,0.38,
1051,우림기계,"5,250",210,+4.17%,500,"1,054,244",709,-13.70,-159.08,2.31,
1052,좋은사람들,"1,420",5,-0.35%,500,"346,150",709,-1.31,-462.98,1.77,
1053,애니젠,"14,100",100,-0.70%,500,"78,650",707,52.56,17.30,1.36,
1054,인화정공,"7,560",270,+3.70%,500,"228,453",705,29.53,248.05,0.59,
1055,아이비김영,"1,660",10,-0.60%,100,"229,406",705,N/A,N/A,0.04,
1056,엔에스엔,"1,360",20,-1.45%,500,"688,095",704,49.12,-119.01,1.50,
1057,에이루트,"5,550",90,-1.60%,500,"212,004",702,40.82,80.99,0.54,
1058,소프트센,"1,960",20,-1.01%,500,"395,814",701,-28.90,-82.27,5.70,
1059,엠브레인,"7,810",20,-0.26%,500,"28,578",700,5.23,79.33,0.49,
1060,한탑,"2,605",25,+0.97%,500,"280,969",700,-16.04,"-16,314.75",1.83,
1061,코드네이처,"2,185",30,-1.35%,500,"20,378",699,116.33,176.62,0.21,
1062,지엘팜텍,"1,480",40,-2.63%,100,"1,931,154",699,32.63,31.62,0.48,
1063,엔지스테크널러지,"6,580",10,-0.15%,500,"197,536",697,N/A,N/A,1.95,
1064,한국큐빅,"4,250",110,+2.66%,500,"2,337,587",695,-4.58,88.22,5.84,
1065,배럴,"8,810",60,+0.69%,500,"46,156",695,19.73,26.64,0.58,
1066,코렌,"1,005",10,+1.01%,500,"869,496",693,-13.00,-25.65,3.42,
1067,에스에이티,"2,650",35,+1.34%,500,"920,860",693,4.65,36.36,2.69,
1068,유비벨록스,"9,730",110,-1.12%,500,"88,508",692,157.22,364.40,3.28,
1069,나우IB,"7,300",30,-0.41%,"5,000","59,845",692,N/A,N/A,0.89,
1070,상지카일룸,"1,195",10,+0.84%,500,"460,705",688,238.28,-67.84,0.58,
1071,한국바이오젠,"8,450",60,+0.72%,200,"245,376",687,12.73,5.01,2.05,
1072,윙입푸드,"1,430",0,0.00%,0,"219,861",686,16.03,-32.04,0.00,
1073,버킷스튜디오,"1,955",80,+4.27%,500,"494,820",683,-4.67,143.48,0.70,
1074,예림당,"2,965",15,+0.51%,500,"166,998",683,9.83,-158.67,0.53,
1075,액션스퀘어,"1,650",20,+1.23%,500,"167,328",682,-21.86,24.18,0.86,
1076,메타바이오메드,"2,850",30,+1.06%,500,"256,831",680,12.94,"3,188.74",4.79,
1077,네오크레마,"9,280",480,+5.45%,500,"829,611",679,N/A,N/A,1.43,
1078,한류타임즈,"3,680",0,0.00%,500,0,678,-13.27,-30.47,0.76,
1079,삼현철강,"4,310",260,+6.42%,500,"653,222",677,4.22,-11.97,2.93,
1080,전진바이오팜,"11,200",50,-0.44%,500,"131,408",677,185.25,35.25,1.15,
1081,케이엘넷,"2,795",10,+0.36%,500,"326,059",675,-8.59,1.16,1.58,
1082,삼진,"11,250",0,0.00%,500,"49,075",675,54.21,"1,081.41",2.39,
1083,선익시스템,"7,500",70,-0.92%,500,"73,028",675,-25.72,34.57,1.12,
1084,리더스코스메틱,"3,710",0,0.00%,500,"28,076",675,-31.29,-104.14,0.98,
1085,한국가구,"4,490",5,+0.11%,100,"43,556",674,8.98,2.05,0.62,
1086,엠벤처투자,"1,095",5,+0.46%,500,"743,802",673,57.15,294.14,2.97,
1087,이건홀딩스,"2,970",0,0.00%,"1,000","186,948",671,52.83,26.37,0.60,
1088,동양파일,"3,325",55,+1.68%,500,"71,290",665,-21.73,-148.47,1.70,
1089,포시에스,"8,040",240,+3.08%,500,"114,374",664,9.90,-4.37,1.89,
1090,인성정보,"3,075",10,-0.32%,500,"139,764",664,-4.41,11.70,0.53,
1091,삼영이엔씨,"7,520",170,+2.31%,500,"72,923",662,4.95,-230.10,2.06,
1092,금강철강,"3,535",15,-0.42%,500,"23,284",662,-12.16,44.09,1.97,
1093,씨유메디칼,"2,500",10,-0.40%,500,"416,996",659,7.20,-32.41,1.39,
1094,플리토,"12,650",50,+0.40%,500,"24,739",659,-43.37,-243.66,3.69,
1095,원익큐브,"1,860",80,+4.49%,500,"2,468,232",658,-7.80,-20.44,3.03,
1096,효성오앤비,"7,740",0,0.00%,500,"47,977",657,3.23,36.99,1.65,
1097,젬백스지오,847,100,+13.39%,500,"20,622,272",656,-25.71,"-1,264.99",1.30,
1098,아이엘사이언스,"3,090",65,+2.15%,100,"110,878",656,10.74,52.08,0.63,
1099,감마누,"2,430",10,+0.41%,500,"199,663",654,-5.13,201.30,1.90,
1100,네오펙트,"3,450",45,-1.29%,500,"339,957",652,117.78,-160.53,0.59,
1101,스튜디오산타클로스,"2,210",0,0.00%,100,"467,761",651,48.68,-649.90,0.00,
1102,한국맥널티,"6,240",50,-0.79%,500,"71,138",650,28.97,182.76,0.64,
1103,체리부로,"2,315",50,+2.21%,500,"184,501",645,2.61,"-2,834.09",0.26,
1104,세명전기,"4,215",140,+3.44%,500,"467,473",643,-2.96,-49.11,1.89,
1105,제일테크노스,"7,130",20,+0.28%,500,"182,949",642,3.89,-45.10,0.64,
1106,엔텔스,"9,290",140,-1.48%,500,"53,430",641,-3.34,64.28,1.64,
1107,GRT,951,0,0.00%,0,0,641,-6.68,-12.31,66.78,
1108,캐스텍코리아,"3,865",345,+9.80%,500,"4,837,050",640,-8.50,-138.85,14.67,
1109,화신정공,"1,755",95,-5.14%,100,"4,731,589",638,9.05,161.70,0.48,
1110,이상네트웍스,"7,080",30,+0.43%,500,"15,660",638,8.23,10.28,20.15,
1111,시큐브,"1,595",20,-1.24%,100,"329,580",638,12.18,117.36,2.46,
1112,성창오토텍,"8,730",0,0.00%,500,"162,042",637,1.63,-317.20,7.72,
1113,대성미생물,"16,750",350,+2.13%,500,"145,683",636,0.15,-0.85,1.81,
1114,유니온커뮤니티,"4,330",50,+1.17%,500,"256,306",636,13.94,7.73,7.70,
1115,서울전자통신,913,30,+3.40%,500,"729,146",635,-22.49,-8.37,1.19,
1116,세보엠이씨,"6,020",60,+1.01%,500,"30,333",634,29.94,-131.98,4.93,
1117,동국알앤에스,"3,435",100,+3.00%,"1,000","1,683,005",632,0.21,-37.29,0.87,
1118,피피아이,"6,790",40,+0.59%,500,"60,046",632,27.58,-5.92,1.36,
1119,이랜시스,"2,195",25,-1.13%,100,"40,241",631,8.17,-0.99,1.32,
1120,대호피앤씨,862,0,0.00%,500,"583,334",630,-2.71,-23.71,2.36,
1121,인포바인,"19,650",950,+5.08%,500,"17,601",627,-4.89,-14.37,15.80,
1122,오디텍,"5,340",20,+0.38%,500,"148,145",627,-7.91,9.56,4.01,
1123,S&K폴리텍,"5,350",40,-0.74%,500,"83,618",626,19.86,90.14,2.48,
1124,오리콤,"5,280",10,+0.19%,"1,000","111,672",625,8.64,-25.88,1.31,
1125,블러썸엠앤씨,"4,555",0,0.00%,500,0,625,6.74,"1,244.10",0.18,
1126,화성밸브,"6,000",100,+1.69%,500,"225,516",625,2.85,-8.96,1.50,
1127,모바일리더,"19,000",350,+1.88%,500,"56,925",624,53.53,44.42,2.72,
1128,지니언스,"6,600",160,-2.37%,500,"294,367",623,16.23,-2.95,1.90,
1129,지와이커머스,"2,465",0,0.00%,500,0,623,-68.62,49.28,18.45,
1130,인베니아,"2,665",55,-2.02%,500,"149,360",618,-15.41,-43.35,3.55,
1131,아이즈비전,"3,920",15,-0.38%,500,"69,099",618,-17.87,-103.68,0.78,
1132,KBI메탈,"1,875",60,+3.31%,500,"650,375",618,6.69,95.20,2.97,
1133,아이크래프트,"4,185",60,-1.41%,500,"232,357",611,0.83,-83.41,0.64,
1134,판타지오,840,30,-3.45%,500,"2,071,875",611,35.98,40.74,1.00,
1135,정원엔시스,"1,890",95,-4.79%,500,"140,766",609,14.47,-29.25,0.71,
1136,상보,"1,300",20,-1.52%,500,"865,111",609,-7.30,-362.21,2.10,
1137,셀바스AI,"2,755",35,-1.25%,500,"127,132",608,-0.40,63.80,2.85,
1138,트루윈,"4,910",40,+0.82%,500,"949,596",608,-12.15,-278.17,0.74,
1139,아시아종묘,"5,900",180,+3.15%,500,"595,998",607,26.37,159.67,3.45,
1140,그리티,"3,010",25,-0.82%,500,"140,139",606,3.20,-63.78,0.94,
1141,엔바이오니아,"7,990",60,-0.75%,500,"67,341",606,13.76,-37.09,1.17,
1142,플랜티넷,"6,750",140,+2.12%,500,"484,972",605,1.38,-6.38,3.68,
1143,피제이메탈,"2,430",175,+7.76%,500,"1,993,247",603,-5.28,-6.73,1.04,
1144,픽셀플러스,"7,350",180,-2.39%,500,"52,888",600,-6.61,11.46,0.00,
1145,스맥,"1,940",5,+0.26%,500,"178,433",596,2.44,"-2,200.27",2.77,
1146,아진엑스텍,"6,100",40,-0.65%,500,"112,857",595,-22.41,-60.26,2.75,
1147,핸디소프트,"3,065",5,+0.16%,500,"28,261",595,-17.33,36.44,0.35,
1148,명성티엔에스,"9,210",0,0.00%,500,0,593,-11.79,-63.91,0.84,
1149,디오스텍,411,0,0.00%,200,0,592,851.55,146.91,1.51,
1150,멜파스,"1,825",20,+1.11%,500,"408,633",590,N/A,N/A,20.17,
1151,제룡산업,"5,880",10,+0.17%,500,"146,901",588,-15.35,-51.41,1.49,
1152,쎄니트,"1,735",10,+0.58%,500,"100,430",587,-3.51,-7.53,0.89,
1153,세진티에스,"6,970",100,+1.46%,500,"491,739",585,1.49,82.44,1.68,
1154,쌍용정보통신,"1,445",25,+1.76%,"1,000","339,448",585,-12.21,-84.19,0.06,
1155,미래생명자원,"3,130",125,+4.16%,100,"337,967",584,42.27,-26.06,1.14,
1156,한일네트웍스,"4,830",80,-1.63%,500,"182,306",577,-3.92,46.93,2.33,
1157,윈텍,"3,120",40,+1.30%,100,"1,088,298",577,N/A,N/A,0.10,
1158,한일단조,"1,930",0,0.00%,500,"605,018",577,-7.49,981.50,2.60,
1159,아스타,"5,010",30,-0.60%,500,"28,362",576,-28.20,-25.78,0.89,
1160,케이에스피,"1,585",60,+3.93%,500,"563,028",574,75.06,169.52,1.99,
1161,맥스로텍,"1,595",55,+3.57%,500,"1,866,498",573,-37.36,-328.57,6.50,
1162,피에스엠씨,"1,430",40,+2.88%,500,"2,127,163",572,-13.18,54.33,4.05,
1163,일지테크,"4,215",85,-1.98%,500,"552,318",570,-16.36,"-1,076.39",0.91,
1164,뉴프렉스,"2,610",245,+10.36%,500,"5,801,854",568,-34.40,-194.37,3.73,
1165,경남바이오파마,"3,440",160,-4.44%,500,"205,220",567,144.20,-389.04,1.12,
1166,중앙에너비스,"9,100",50,+0.55%,500,"13,881",567,N/A,N/A,0.74,
1167,해성옵틱스,"1,765",5,+0.28%,500,"283,794",565,71.11,113.63,0.87,
1168,네스엠,"2,860",0,0.00%,500,0,564,-23.02,-15.07,0.71,
1169,솔루에타,"4,340",20,-0.46%,500,"861,923",563,12.78,11.66,6.29,
1170,위즈코프,"1,445",55,-3.67%,500,"872,609",561,-7.19,63.19,3.31,
1171,휴맥스홀딩스,"4,455",75,-1.66%,500,"73,086",560,N/A,N/A,0.74,
1172,자이글,"4,140",10,-0.24%,500,"39,597",560,-46.78,-143.92,1.31,
1173,에코플라스틱,"2,175",30,-1.36%,500,"782,626",558,12.18,393.95,2.28,
1174,알에프세미,"5,870",60,-1.01%,500,"350,915",557,-18.17,-224.35,0.77,
1175,아세아텍,"3,175",15,+0.47%,500,"162,045",556,9.91,108.74,3.32,
1176,카스,"2,320",5,-0.22%,500,"249,245",556,-2.99,-50.27,1.20,
1177,우노앤컴퍼니,"4,090",90,+2.25%,500,"151,868",555,-4.76,-115.60,16.43,
1178,TPC,"4,085",5,-0.12%,500,"80,329",551,-3.38,-94.48,4.33,
1179,테라셈,"2,590",60,+2.37%,500,"261,167",548,40.92,35.85,0.27,
1180,셀바스헬스케어,"2,525",5,+0.20%,500,"111,026",547,11.61,74.40,1.31,
1181,나노캠텍,"1,945",45,-2.26%,500,"844,595",546,0.54,50.41,2.01,
1182,아이디피,"8,210",90,+1.11%,500,"56,160",545,32.80,65.46,0.19,
1183,케이디켐,"13,500",100,-0.74%,500,"7,298",545,-2.40,-11.66,0.08,
1184,희림,"3,910",30,-0.76%,500,"28,243",544,5.36,6.39,0.79,
1185,서진오토모티브,"2,785",10,+0.36%,500,"71,517",544,11.14,142.27,2.32,
1186,자비스,"2,680",25,-0.92%,100,"442,152",544,34.72,-10.17,9.66,
1187,대창스틸,"2,720",150,+5.84%,500,"2,394,463",544,-9.31,-15.12,1.91,
1188,코다코,"1,390",80,+6.11%,500,"1,824,047",543,-6.70,32.92,1.63,
1189,SG&G,"1,590",15,+0.95%,500,"209,360",542,-13.77,31.94,2.25,
1190,휴네시온,"5,640",30,+0.53%,500,"146,171",542,17.29,259.29,1.35,
1191,오하임아이엔티,"2,705",30,-1.10%,100,"219,312",534,N/A,-42.08,0.41,
1192,토박스코리아,"1,185",20,+1.72%,100,"2,868,742",534,16.39,146.53,13.56,
1193,아시아경제,"2,075",5,-0.24%,500,"161,842",529,-0.08,-43.04,1.09,
1194,모헨즈,"4,845",55,+1.15%,500,"196,407",529,-19.86,-56.04,0.61,
1195,삼일기업공사,"4,265",20,+0.47%,500,"365,191",529,35.74,19.45,2.31,
1196,인산가,"1,985",0,0.00%,100,"466,998",526,2.51,-5.30,2.42,
1197,이엘피,"10,700",100,+0.94%,500,"29,237",525,-26.54,-79.49,2.53,
1198,씨케이에이치,475,5,-1.04%,0,"499,803",524,-50.97,15.01,27.40,
1199,세원물산,"6,280",0,0.00%,500,0,524,32.73,312.70,2.47,
1200,대동스틸,"5,240",345,+7.05%,500,"865,859",524,11.57,-24.11,1.48,
1201,원풍,"4,365",25,-0.57%,500,"23,278",524,6.67,152.93,1.78,
1202,율호,"1,425",0,0.00%,500,"242,124",523,N/A,N/A,0.66,
1203,신원종합개발,"5,190",200,+4.01%,"5,000","960,567",523,16.24,-40.91,1.30,
1204,내츄럴엔도텍,"2,525",0,0.00%,500,0,522,-26.30,18.09,3.28,
1205,알톤스포츠,"4,090",40,-0.97%,500,"45,238",521,-36.46,-791.57,1.97,
1206,씨엔플러스,839,0,0.00%,100,0,520,-22.75,69.11,0.13,
1207,세미콘라이트,"1,305",90,-6.45%,500,"5,619,627",520,-23.78,11.90,0.27,
1208,리노스,"1,245",45,+3.75%,500,"3,497,903",517,13.46,-119.83,1.98,
1209,엔에이치스팩14호,"5,990",0,0.00%,100,"879,658",516,N/A,N/A,0.13,
1210,이글루시큐리티,"4,695",25,+0.54%,500,"28,935",516,16.83,-43.21,1.37,
1211,슈프리마아이디,"17,000",700,+4.29%,500,"54,661",515,-33.20,-91.17,0.50,
1212,우리조명,"2,065",5,-0.24%,500,"237,196",515,30.37,328.54,1.97,
1213,코스나인,"1,700",0,0.00%,500,"259,071",514,137.49,-778.58,0.51,
1214,포메탈,"4,340",170,+4.08%,500,"878,516",514,-7.01,0.05,2.73,
1215,뉴보텍,"1,535",25,-1.60%,500,"453,330",513,4.49,414.85,1.01,
1216,세중,"2,825",10,-0.35%,500,"103,028",512,19.85,496.43,1.57,
1217,백금T&A,"3,115",0,0.00%,500,"1,863,038",511,38.69,182.23,2.08,
1218,에스피시스템스,"6,270",20,+0.32%,100,"37,983",511,-31.82,-75.76,1.06,
1219,미래테크놀로지,"8,300",10,-0.12%,500,"10,278",508,10.64,-13.19,0.25,
1220,마이크로컨텍솔,"6,090",230,-3.64%,500,"167,564",506,34.05,119.00,15.46,
1221,신라섬유,"2,080",10,-0.48%,100,"140,841",505,-11.10,-3.39,4.25,
1222,에이디칩스,971,6,-0.61%,500,"1,793,738",505,39.89,29.68,1.60,
1223,승일,"8,200",20,+0.24%,500,"5,134",503,-9.53,-162.07,1.32,
1224,엑사이엔씨,"1,510",5,+0.33%,500,"628,515",501,10.29,-33.81,0.64,
1225,진바이오텍,"5,810",190,+3.38%,500,"384,122",500,-7.27,-86.58,2.91,
1226,지에스이,"1,665",15,+0.91%,500,"286,466",499,2.11,-23.90,1.94,
1227,헝셩그룹,622,1,-0.16%,0,"430,489",498,10.38,27.13,29.46,
1228,메디앙스,"4,195",0,0.00%,500,0,495,-8.83,-18.21,4.99,
1229,리더스 기술투자,516,2,+0.39%,500,"314,905",495,103.26,-228.95,1.34,
1230,버추얼텍,713,0,0.00%,500,"356,130",493,-17.13,24.06,5.99,
1231,상상인인더스트리,772,2,+0.26%,500,"204,509",489,N/A,N/A,0.05,
1232,레드로버,"1,830",0,0.00%,500,0,488,-1.56,-72.07,4.84,
1233,하이소닉,"3,330",0,0.00%,"1,000",0,488,-34.39,7.41,0.15,
1234,이즈미디어,"6,820",320,+4.92%,500,"243,026",485,-14.92,-164.07,1.94,
1235,제이엠티,"2,885",5,+0.17%,500,"176,188",483,-43.37,-84.73,3.62,
1236,영신금속,"3,765",70,-1.83%,500,"118,897",483,1.96,133.93,3.30,
1237,코리아에셋투자증권,"7,550",50,+0.67%,"5,000","27,484",482,31.53,17.38,0.64,
1238,듀오백,"4,025",125,-3.01%,500,"105,061",482,-2.66,14.30,1.15,
1239,서산,"2,405",60,+2.56%,100,"103,332",481,-37.18,-93.65,0.44,
1240,형지I&C,"1,220",25,+2.09%,500,"698,924",475,N/A,N/A,0.87,
1241,바이오로그디바이스,"1,645",25,-1.50%,100,"305,705",475,10.99,-11.77,1.71,
1242,알티캐스트,"1,925",70,+3.77%,500,"329,412",474,-30.21,-483.65,0.75,
1243,경남스틸,"1,890",15,+0.80%,100,"253,130",472,15.74,-3.17,1.86,
1244,한국컴퓨터,"2,940",10,+0.34%,500,"182,763",472,-3.32,235.54,2.38,
1245,우리로,"1,670",15,-0.89%,500,"189,975",470,106.55,-174.20,2.37,
1246,NE능률,"2,840",60,+2.16%,500,"75,163",469,-1.58,232.51,0.91,
1247,부스타,"5,560",210,+3.93%,500,"162,750",467,17.82,63.47,1.86,
1248,다믈멀티미디어,"3,700",100,+2.78%,500,"1,112,612",466,18.07,140.56,0.00,
1249,YW,"4,080",90,+2.26%,500,"474,575",463,-34.57,-15.94,0.21,
1250,손오공,"1,720",10,-0.58%,500,"363,776",463,-25.99,-318.99,2.26,
1251,성우테크론,"4,900",125,+2.62%,500,"170,262",461,-16.60,-69.38,3.42,
1252,옵티시스,"8,170",40,-0.49%,500,"24,807",460,-7.44,-33.32,0.86,
1253,지란지교시큐리티,"5,540",70,+1.28%,500,"39,127",460,13.39,13.57,1.94,
1254,에코캡,"3,150",85,+2.77%,100,"175,749",459,-12.49,-90.59,2.32,
1255,딜리,"1,555",5,+0.32%,100,"70,232",456,-7.63,758.53,16.23,
1256,프럼파스트,"4,690",50,+1.08%,500,"85,698",456,-10.12,-38.55,1.38,
1257,파인디앤씨,"1,730",5,-0.29%,500,"39,807",456,0.25,-120.81,0.88,
1258,강원,"2,500",0,0.00%,500,0,454,-50.47,"-5,132.09",0.47,
1259,누리플랜,"6,620",80,-1.19%,500,"231,585",454,91.51,2.16,0.51,
1260,아래스,990,0,0.00%,100,0,452,-86.95,-328.04,0.36,
1261,미디어젠,"9,740",30,-0.31%,500,"115,571",452,3.33,-240.73,2.28,
1262,CS,"2,395",65,-2.64%,500,"139,847",451,-45.26,-140.19,1.29,
1263,골든센츄리,284,4,-1.39%,0,"1,103,031",451,28.13,17.78,35.28,
1264,릭스솔루션,566,17,-2.92%,100,"1,643,743",451,58.11,-125.62,3.08,
1265,유신,"15,000",250,+1.69%,"5,000","25,558",450,10.46,-23.85,1.35,
1266,에코마이스터,"1,685",20,-1.17%,500,"4,272,655",450,27.68,78.56,0.50,
1267,성우전자,"2,890",115,+4.14%,500,"476,557",448,-25.13,-175.34,2.42,
1268,큐브앤컴퍼니,"1,375",35,-2.48%,500,"539,090",448,-34.38,-10.69,0.64,
1269,구영테크,"1,695",5,-0.29%,500,"385,161",447,18.24,-2.60,2.64,
1270,메이슨캐피탈,450,5,+1.12%,500,"1,049,808",446,-39.57,-0.29,2.20,
1271,로스웰,314,0,0.00%,0,"1,458,141",445,-27.91,-72.08,42.78,
1272,애니플러스,"1,565",30,+1.95%,100,"215,544",445,-7.63,-99.67,0.29,
1273,브리지텍,"3,710",20,+0.54%,500,"98,437",443,-23.47,-638.52,1.87,
1274,동일기연,"13,000",900,+7.44%,500,"58,418",443,7.51,167.42,1.21,
1275,알로이스,"2,550",20,-0.78%,100,"481,639",442,38.34,83.78,3.97,
1276,코디,"1,805",10,-0.55%,500,"86,645",442,143.31,101.11,1.60,
1277,SGA,897,66,+7.94%,"1,000","2,226,054",438,-8.34,-36.90,3.16,
1278,국일신동,"3,945",10,+0.25%,500,"91,891",438,-2.20,-113.30,1.40,
1279,네오티스,"3,945",15,+0.38%,500,"59,537",434,-6.16,-28.46,9.01,
1280,풍강,"4,395",105,+2.45%,500,"12,106,819",434,-21.54,-85.51,3.36,
1281,피델릭스,"1,365",0,0.00%,500,"222,778",434,-25.72,-112.70,30.14,
1282,동일철강,"5,900",10,-0.17%,500,"165,952",433,9.66,-86.48,1.58,
1283,이노와이즈,"1,405",0,0.00%,500,0,433,-24.67,"-3,673.04",0.18,
1284,로지시스,"4,625",15,-0.32%,500,"55,856",432,-16.44,-39.89,1.58,
1285,신진에스엠,"4,800",5,+0.10%,500,"17,282",431,-7.93,-26.81,0.55,
1286,드래곤플라이,"2,515",50,+2.03%,500,"174,624",430,N/A,N/A,1.88,
1287,쎄미시스코,"7,580",100,-1.30%,500,"49,907",427,-22.11,"-1,062.85",1.87,
1288,동방선기,"3,155",30,+0.96%,500,"225,500",427,38.52,55.58,0.00,
1289,광진윈텍,"4,420",100,+2.31%,500,"142,830",427,1.70,241.86,1.06,
1290,TJ미디어,"3,060",20,-0.65%,500,"14,945",426,10.06,125.51,0.19,
1291,아우딘퓨쳐스,"4,240",20,-0.47%,500,"15,690",424,N/A,N/A,4.56,
1292,에스아이리소스,639,0,0.00%,100,0,424,-1.56,153.81,9.20,
1293,에너토크,"4,340",75,+1.76%,500,"53,423",423,1.86,-84.80,21.07,
1294,수성,"2,330",45,+1.97%,500,"392,080",417,-4.38,65.91,0.91,
1295,네오오토,"5,280",20,+0.38%,500,"172,065",416,2.78,-67.18,3.46,
1296,이퓨쳐,"8,630",180,-2.04%,500,"86,997",412,8.73,227.38,0.73,
1297,에프앤리퍼블릭,530,3,+0.57%,500,"659,001",411,-66.84,-336.01,0.89,
1298,베셀,"3,665",70,+1.95%,500,"215,093",410,-44.13,-379.58,2.15,
1299,파커스,"2,900",50,+1.75%,500,"83,199",405,0.62,-287.16,2.44,
1300,오스테오닉,"3,100",40,+1.31%,500,"119,793",405,22.86,253.11,1.56,
1301,케이씨피드,"2,410",10,+0.42%,500,"311,368",403,0.90,-575.42,11.36,
1302,빛샘전자,"6,700",400,+6.35%,500,"2,950,714",402,-2.03,17.03,6.51,
1303,이루온,"1,470",70,+5.00%,500,"2,908,366",401,2.30,-22.75,2.68,
1304,PN풍년,"3,995",110,-2.68%,500,"199,059",400,-11.72,-251.37,0.35,
1305,한창산업,"7,630",80,+1.06%,500,"23,528",397,4.85,191.11,9.15,
1306,SGA솔루션즈,"1,080",15,-1.37%,100,"880,188",396,-0.65,8.16,0.95,
1307,와토스코리아,"5,480",10,+0.18%,500,"20,182",395,-13.98,-74.79,0.97,
1308,피앤씨테크,"6,070",90,+1.51%,500,"153,581",394,-6.03,24.93,1.97,
1309,아즈텍WB,"1,825",15,+0.83%,500,"168,621",392,-5.17,42.94,1.28,
1310,원일특강,"8,870",90,+1.03%,500,"31,606",390,-0.02,-3.31,1.32,
1311,한솔인티큐브,"2,805",25,-0.88%,500,"409,262",389,-7.48,-621.24,1.04,
1312,기산텔레콤,"2,670",25,+0.95%,500,"145,834",389,18.80,236.50,2.74,
1313,씨씨에스,846,0,0.00%,500,0,389,-3.30,110.75,1.80,
1314,나노,"1,505",10,+0.67%,500,"266,820",388,-10.07,-139.66,1.70,
1315,에스에스알,"6,520",0,0.00%,500,"163,793",387,8.75,-48.70,2.97,
1316,엔피케이,"2,050",30,+1.49%,500,"194,725",384,-3.33,-442.35,39.19,
1317,유앤아이,"4,700",135,+2.96%,500,"48,299",383,9.87,76.31,1.80,
1318,스타플렉스,"4,965",35,-0.70%,500,"38,011",382,-2.48,983.35,0.85,
1319,엠에프엠코리아,"2,135",55,-2.51%,100,"135,613",381,N/A,N/A,0.15,
1320,대모,"4,570",5,+0.11%,500,"44,096",380,-11.82,-75.64,0.99,
1321,경남제약헬스케어,"3,320",0,0.00%,100,0,378,-25.22,101.38,0.00,
1322,팬스타엔터프라이즈,721,4,-0.55%,500,"254,148",378,31.11,117.92,3.29,
1323,자안,266,25,-8.59%,100,"48,607,657",376,24.79,105.27,0.40,
1324,제너셈,"4,225",180,+4.45%,500,"314,638",370,30.60,154.93,2.02,
1325,한일화학,"10,550",0,0.00%,500,"25,704",370,-28.88,-49.08,4.69,
1326,오가닉티코스메틱,573,4,+0.70%,0,"984,830",369,24.83,-24.78,4.03,
1327,스킨앤스킨,263,0,0.00%,100,0,366,-13.93,-68.04,0.86,
1328,서울리거,997,4,+0.40%,500,"176,195",363,347.54,"-3,917.15",0.98,
1329,제이엠아이,"1,115",45,-3.88%,"1,000","477,186",363,-43.79,33.96,1.79,
1330,샘코,"2,015",0,0.00%,500,0,361,-17.46,-468.71,2.23,
1331,패션플랫폼,"1,350",10,-0.74%,100,"169,907",360,6.83,21.11,2.09,
1332,네이블,"5,500",100,+1.85%,500,"23,709",359,-21.93,79.71,0.00,
1333,이엠앤아이,"1,585",0,0.00%,500,0,355,-60.04,-348.33,0.00,
1334,엑스큐어,"4,810",0,0.00%,500,0,354,-1.23,132.48,18.94,
1335,크로바하이텍,"1,490",0,0.00%,500,0,347,-32.15,59.60,1.13,
1336,신라에스지,"8,670",220,+2.60%,500,"43,287",347,23.30,144.82,1.18,
1337,제이에스티나,"2,100",15,+0.72%,500,"91,250",347,-24.51,"-3,232.25",0.78,
1338,아이엠,819,2,-0.24%,500,"481,044",346,5.82,-109.60,4.52,
1339,에이치케이,"1,845",25,+1.37%,500,"386,566",341,-0.96,-11.77,3.78,
1340,캐리소프트,"5,020",55,+1.11%,500,"154,895",339,-2.45,-361.22,0.87,
1341,디지캡,"4,580",10,+0.22%,500,"75,860",339,N/A,N/A,1.92,
1342,대동기어,"3,745",20,+0.54%,500,"106,777",337,8.40,5.14,0.03,
1343,에이프런티어,"1,205",0,0.00%,500,0,336,N/A,N/A,6.27,
1344,윈하이텍,"3,155",0,0.00%,500,"52,804",336,N/A,N/A,1.65,
1345,소리바다,338,2,-0.59%,500,"1,105,880",334,15.33,-28.56,1.00,
1346,한국정보공학,"4,160",50,+1.22%,500,"185,759",334,-8.18,161.67,0.96,
1347,삼일,"2,045",30,+1.49%,"1,000","99,840",332,-1.49,-24.56,1.09,
1348,티피씨글로벌,"3,030",15,+0.50%,500,"210,398",330,7.97,-52.19,4.56,
1349,아이톡시,"4,460",0,0.00%,500,0,325,-73.89,65.98,0.39,
1350,디엠티,"2,885",75,+2.67%,500,"58,237",325,-27.13,-311.21,9.94,
1351,서전기전,"3,345",180,+5.69%,500,"459,405",324,6.54,-79.05,2.04,
1352,GV,430,0,0.00%,500,0,323,10.33,4.51,0.34,
1353,케이피티유,"6,290",340,+5.71%,500,"116,636",318,-3.48,-64.43,4.41,
1354,아이컴포넌트,"4,500",55,+1.24%,500,"64,658",318,12.95,54.83,5.84,
1355,신화콘텍,"3,120",0,0.00%,500,"36,754",316,14.59,-67.84,0.44,
1356,동양에스텍,"3,120",20,+0.65%,500,"39,106",312,12.19,58.93,0.11,
1357,인포마크,"8,320",820,+10.93%,500,"170,596",304,-36.51,"-1,326.68",1.59,
1358,더블유에프엠,"11,750",0,0.00%,500,0,302,-6.41,-26.69,0.69,
1359,광진실업,"4,695",505,+12.05%,500,"1,124,937",301,-1.52,-509.53,4.21,
1360,글로벌에스엠,557,3,-0.54%,0,"127,914",299,5.63,"1,953.52",3.67,
1361,텔레필드,"3,250",55,+1.72%,500,"78,153",298,87.06,152.34,2.21,
1362,크루셜텍,"1,415",15,+1.07%,"1,000","156,639",297,-22.22,2.72,0.00,
1363,인터엠,"1,370",0,0.00%,500,"84,188",288,-26.24,-300.23,0.00,
1364,육일씨엔에쓰,"3,020",15,-0.49%,500,"34,067",283,-34.08,-434.48,0.71,
1365,THE MIDONG,"2,015",20,-0.98%,500,"276,311",278,26.94,-7.20,0.00,
1366,와이오엠,"1,700",15,-0.87%,500,"120,487",270,89.08,-523.12,8.75,
1367,엔시트론,922,4,+0.44%,500,"71,514",269,-32.78,45.10,0.92,
1368,이엠네트웍스,"2,720",0,0.00%,500,0,266,N/A,N/A,0.18,
1369,코너스톤네트웍스,204,0,0.00%,500,0,265,52.83,-117.69,1.56,
1370,코센,905,0,0.00%,500,0,264,6.58,-961.18,0.96,
1371,제닉,"3,740",90,+2.47%,500,"43,710",262,-24.29,55.95,1.36,
1372,에스티오,"2,080",40,-1.89%,500,"112,167",260,-3.60,897.23,0.32,
1373,이스트아시아홀딩스,235,0,0.00%,0,"929,259",256,-1.58,9.69,0.00,
1374,한프,480,0,0.00%,500,0,253,-54.12,40.22,2.88,
1375,웹스,"1,830",10,-0.54%,500,"144,056",251,0.16,10.89,4.19,
1376,디젠스,760,37,-4.64%,500,"1,444,051",248,-16.54,-10.99,3.81,
1377,대동금속,"9,500",220,+2.37%,"1,000","18,815",248,9.48,71.20,0.08,
1378,조이맥스,"2,875",20,-0.69%,500,"28,570",245,6.04,13.69,1.14,
1379,에스앤씨엔진그룹,197,0,0.00%,0,0,244,-17.23,-35.79,56.81,
1380,디에스티,370,0,0.00%,100,0,238,-24.60,-10.38,0.00,
1381,디지아이,"2,560",75,+3.02%,500,"66,423",230,-27.04,-119.94,0.23,
1382,코리아에스이,"1,215",5,+0.41%,200,"163,830",230,-7.16,9.61,20.14,
1383,에스앤더블류,"3,165",115,+3.77%,500,"86,774",228,19.12,73.48,0.48,
1384,오파스넷,"5,660",40,-0.70%,500,"157,513",228,31.70,-0.43,4.70,
1385,세동,"1,960",10,+0.51%,500,"384,974",227,4.67,49.25,3.69,
1386,솔고바이오,392,0,0.00%,500,0,226,-4.88,51.83,1.30,
1387,엘디티,"3,380",70,+2.11%,500,"122,064",226,-3.24,-594.09,3.76,
1388,매직마이크로,322,0,0.00%,100,"792,805",224,-7.79,"-2,228.39",4.99,
1389,디자인,"6,470",40,+0.62%,500,"57,166",220,-30.69,-975.69,5.19,
1390,코이즈,"1,425",0,0.00%,500,"147,407",220,85.22,74.86,3.45,
1391,일야,685,0,0.00%,500,0,217,N/A,N/A,2.92,
1392,이디티,816,37,-4.34%,100,"514,183",213,-14.38,-492.10,4.06,
1393,현진소재,400,0,0.00%,500,0,213,-14.08,-69.84,0.80,
1394,슈펙스비앤피,162,0,0.00%,500,0,212,-41.84,123.75,1.27,
1395,KD,"1,250",5,+0.40%,500,"227,795",207,170.19,185.10,2.77,
1396,에이아이비트,181,0,0.00%,500,0,200,-0.97,19.24,0.34,
1397,이미지스,"2,470",40,-1.59%,500,"94,078",189,11.04,12.93,0.59,
1398,포티스,108,0,0.00%,500,0,188,53.34,-132.46,2.73,
1399,이큐셀,310,0,0.00%,500,0,186,-78.49,89.24,3.77,
1400,유안타제3호스팩,"4,240",40,+0.95%,100,"837,121",180,N/A,19.07,0.02,
1401,교보8호스팩,"4,325",45,+1.05%,100,"612,622",161,N/A,-27.62,0.14,
1402,케이비제18호스팩,"2,035",5,+0.25%,100,"19,676",159,N/A,N/A,0.01,
1403,삼성스팩2호,"2,095",35,-1.64%,100,"24,753",158,N/A,8.71,0.03,
1404,엔에이치스팩17호,"2,050",0,0.00%,100,"5,066",144,N/A,N/A,0.00,
1405,한국코퍼레이션,282,0,0.00%,500,0,143,-5.35,1.37,1.76,
1406,스카이문스테크놀로지,829,0,0.00%,500,0,142,-60.10,-94.12,37.73,
1407,유안타제6호스팩,"1,995",0,0.00%,100,0,137,N/A,N/A,0.00,
1408,이에스에이,295,0,0.00%,500,0,135,-55.75,-8.41,8.63,
1409,한국정밀기계,"1,600",10,-0.62%,500,"10,937",134,5.58,90.34,0.09,
1410,미래에셋대우스팩3호,"2,070",0,0.00%,100,"12,825",134,N/A,N/A,0.00,
1411,케이비제20호스팩,"2,035",5,+0.25%,100,"8,155",132,N/A,N/A,0.01,
1412,미래SCI,279,0,0.00%,500,0,125,-74.31,-39.78,3.62,
1413,유아이디,"1,055",0,0.00%,500,0,125,N/A,N/A,1.98,
1414,DB금융스팩8호,"2,020",10,+0.50%,100,"40,579",122,N/A,N/A,0.71,
1415,유안타제5호스팩,"2,060",15,+0.73%,100,"15,422",122,N/A,N/A,0.00,
1416,에이팸,"2,035",0,0.00%,100,0,117,-33.62,-930.99,3.02,
1417,SK6호스팩,"2,035",0,0.00%,100,"6,028",116,N/A,N/A,0.00,
1418,대신밸런스제8호스팩,"2,070",15,-0.72%,100,"32,005",116,N/A,N/A,0.00,
1419,케이비17호스팩,"2,080",0,0.00%,100,"3,520",114,N/A,N/A,0.01,
1420,대신밸런스제7호스팩,"2,170",25,+1.17%,100,"10,826",113,N/A,N/A,0.01,
1421,유안타제7호스팩,"2,020",5,+0.25%,100,"48,063",111,N/A,N/A,1.00,
1422,한화에스비아이스팩,"2,530",5,-0.20%,100,"22,625",110,N/A,N/A,0.33,
1423,교보10호스팩,"2,060",20,-0.96%,100,"20,485",110,N/A,N/A,0.01,
1424,IBKS제13호스팩,"2,115",5,+0.24%,100,998,109,N/A,N/A,0.03,
1425,아리온,275,0,0.00%,500,0,107,-28.00,135.44,3.13,
1426,미래에셋대우스팩 5호,"2,115",5,+0.24%,100,"10,736",107,N/A,N/A,0.00,
1427,루트로닉3우C,"16,000","2,000",+14.29%,500,"24,371",107,N/A,N/A,0.10,
1428,팍스넷,862,0,0.00%,500,0,106,-40.28,"-45,448.99",5.26,
1429,하이제5호스팩,"2,085",5,+0.24%,100,"21,424",105,N/A,N/A,0.00,
1430,SK4호스팩,"2,015",0,0.00%,100,0,104,N/A,6.20,0.00,
1431,에이치엠씨제5호스팩,"2,025",5,+0.25%,100,"4,539",104,N/A,N/A,1.02,
1432,한국제7호스팩,"2,040",0,0.00%,100,0,103,N/A,-32.95,0.01,
1433,신한제6호스팩,"2,060",0,0.00%,100,"21,109",103,N/A,N/A,0.00,
1434,하나금융15호스팩,"2,090",15,+0.72%,100,"1,510",98,N/A,N/A,0.02,
1435,하나머스트제6호스팩,"2,140",15,-0.70%,100,"6,096",98,N/A,-11.31,0.02,
1436,유안타제4호스팩,"2,075",5,+0.24%,100,"12,036",96,N/A,-305.29,0.02,
1437,상상인이안1호스팩,"2,025",5,-0.25%,100,"18,865",96,N/A,-191.53,0.00,
1438,한화플러스제1호스팩,"2,035",5,+0.25%,100,"30,555",96,N/A,N/A,0.00,
1439,엔에이치스팩18호,"2,055",5,-0.24%,100,"25,064",95,N/A,N/A,0.18,
1440,아이엠텍,214,0,0.00%,500,0,93,17.75,39.25,1.39,
1441,IBKS제14호스팩,"2,125",10,+0.47%,100,"1,926",92,N/A,N/A,0.00,
1442,하나금융14호스팩,"2,085",0,0.00%,100,145,92,N/A,N/A,0.00,
1443,엔에이치스팩16호,"2,095",0,0.00%,100,62,90,N/A,N/A,0.00,
1444,미래에셋대우스팩4호,"2,050",0,0.00%,100,0,90,N/A,N/A,0.05,
1445,SK5호스팩,"2,075",15,+0.73%,100,"15,598",89,N/A,"-2,244.05",0.00,
1446,신영스팩6호,"2,055",0,0.00%,100,"1,671",88,N/A,N/A,0.00,
1447,케이비제19호스팩,"2,055",15,+0.74%,100,"12,183",88,N/A,N/A,0.00,
1448,대신밸런스제9호스팩,"2,090",0,0.00%,100,"13,658",88,N/A,N/A,0.16,
1449,에이치엠씨제4호스팩,"2,040",0,0.00%,100,12,88,N/A,N/A,0.00,
1450,퓨전,"2,075",0,0.00%,500,0,86,N/A,N/A,0.96,
1451,하나금융16호스팩,"2,075",10,-0.48%,100,"3,540",83,N/A,N/A,0.19,
1452,유진스팩5호,"2,045",0,0.00%,100,"1,641",82,N/A,N/A,0.00,
1453,교보9호스팩,"2,090",20,+0.97%,100,"7,297",81,N/A,N/A,0.07,
1454,상상인이안제2호스팩,"2,020",10,+0.50%,100,"7,406",78,N/A,N/A,0.00,
1455,제이웨이,355,40,-10.13%,500,"9,789,692",77,-10.16,11.24,0.87,
1456,엔에이치스팩13호,"2,170",20,+0.93%,100,"107,625",74,N/A,-179.02,0.01,
1457,키움제5호스팩,"2,060",0,0.00%,100,"1,982",74,N/A,62.76,0.00,
1458,신영스팩5호,"2,090",5,-0.24%,100,"16,592",73,N/A,N/A,0.24,
1459,이베스트스팩5호,"2,020",0,0.00%,100,"5,041",73,N/A,N/A,1.10,
1460,럭슬,179,0,0.00%,500,0,73,-21.80,-8.93,6.12,
1461,한국제8호스팩,"2,110",25,+1.20%,100,"2,740",72,N/A,-178.99,0.00,
1462,유진스팩4호,"2,065",5,-0.24%,100,"4,327",72,N/A,N/A,0.06,
1463,에스디시스템,739,0,0.00%,500,0,71,-16.28,13.77,8.24,
1464,지스마트글로벌,620,0,0.00%,500,0,70,-60.87,-602.50,9.32,
1465,IBKS제12호스팩,"2,175",10,-0.46%,100,"2,720",68,N/A,N/A,0.24,
1466,에스제이케이,498,0,0.00%,500,0,66,-34.30,32.94,0.46,
1467,이베스트이안스팩1호,"2,040",0,0.00%,100,"3,224",65,N/A,N/A,0.00,
1468,케이프이에스제4호,"2,055",0,0.00%,100,"3,280",62,N/A,N/A,0.00,
1469,스타모빌리티,505,0,0.00%,500,0,61,107.25,8.43,4.28,
1470,대호피앤씨우,"1,420",10,-0.70%,500,"18,260",60,N/A,N/A,2.98,
1471,소프트센우,"30,550",50,-0.16%,500,887,44,N/A,N/A,0.54,
